Index,closing_prices,predicted_prices
0,735.4000244140625,0.0
1,731.22998046875,0.0
2,717.0,0.0
3,728.9600219726562,0.0
4,725.2999877929688,0.0
5,740.0,0.0
6,738.4099731445312,0.0
7,756.5999755859375,0.0
8,755.97998046875,0.0
9,748.280029296875,0.0
10,748.1500244140625,0.0
11,750.260009765625,0.0
12,742.5999755859375,0.0
13,767.0399780273438,0.0
14,762.3800048828125,0.0
15,752.5399780273438,0.0
16,766.8099975585938,0.0
17,763.25,0.0
18,762.3699951171875,0.0
19,751.6099853515625,0.0
20,749.4600219726562,0.0
21,738.8699951171875,0.0
22,747.77001953125,0.0
23,743.4000244140625,0.0
24,758.0900268554688,0.0
25,749.4299926757812,0.0
26,739.3099975585938,0.0
27,747.77001953125,0.0
28,750.0,0.0
29,750.3099975585938,0.0
30,748.4000244140625,0.0
31,762.510009765625,0.0
32,776.5999755859375,0.0
33,771.0,0.0
34,758.8800048828125,0.0
35,741.8400268554688,0.0
36,742.5800170898438,0.0
37,743.6199951171875,0.0
38,726.3900146484375,0.0
39,714.469970703125,0.0
40,716.030029296875,0.0
41,726.0700073242188,0.0
42,700.5599975585938,0.0
43,714.719970703125,0.0
44,694.4500122070312,0.0
45,701.7899780273438,0.0
46,698.4500122070312,0.0
47,706.5900268554688,0.0
48,725.25,0.0
49,711.6699829101562,0.0
50,713.0399780273438,0.0
51,699.989990234375,0.0
52,730.9600219726562,0.0
53,742.9500122070312,0.0
54,752.0,0.0
55,764.6500244140625,0.0
56,726.9500122070312,0.0
57,708.010009765625,0.0
58,683.5700073242188,0.0
59,682.739990234375,0.0
60,678.1099853515625,0.0
61,684.1199951171875,0.0
62,683.1099853515625,0.0
63,682.4000244140625,0.0
64,691.0,0.0
65,708.4000244140625,0.0
66,697.3499755859375,0.0
67,700.9099731445312,0.0
68,706.4600219726562,0.0
69,695.8499755859375,0.0
70,699.5599975585938,0.0
71,705.75,0.0
72,705.0700073242188,0.0
73,697.77001953125,0.0
74,718.8099975585938,0.0
75,718.8499755859375,0.0
76,712.4199829101562,0.0
77,710.8900146484375,0.0
78,695.1599731445312,0.0
79,693.969970703125,0.0
80,705.239990234375,0.0
81,712.8200073242188,0.0
82,726.8200073242188,0.0
83,730.489990234375,0.0
84,728.3300170898438,0.0
85,736.0900268554688,0.0
86,737.780029296875,0.0
87,737.5999755859375,0.0
88,742.0900268554688,0.0
89,740.75,0.0
90,738.0599975585938,0.0
91,735.2999877929688,0.0
92,733.530029296875,0.0
93,744.77001953125,0.0
94,750.530029296875,0.0
95,744.9500122070312,0.0
96,749.9099731445312,0.0
97,745.2899780273438,0.0
98,737.7999877929688,0.0
99,745.6900024414062,0.0
100,740.280029296875,0.0
101,739.1500244140625,0.0
102,736.0999755859375,0.0
103,743.0900268554688,0.0
104,751.719970703125,0.0
105,753.2000122070312,0.0
106,759.0,0.0
107,766.6099853515625,0.0
108,753.9299926757812,0.0
109,752.6699829101562,0.0
110,759.1400146484375,0.0
111,718.77001953125,0.0
112,723.1500244140625,0.0
113,708.1400146484375,0.0
114,705.8400268554688,0.0
115,691.02001953125,0.0
116,693.010009765625,0.0
117,698.2100219726562,0.0
118,692.3599853515625,0.0
119,695.7000122070312,0.0
120,701.4299926757812,0.0
121,711.1199951171875,0.0
122,712.9000244140625,0.0
123,723.1799926757812,0.0
124,715.2899780273438,0.0
125,713.3099975585938,0.0
126,710.8300170898438,0.0
127,716.489990234375,0.0
128,706.22998046875,0.0
129,706.6300048828125,0.0
130,700.3200073242188,0.0
131,709.739990234375,0.0
132,704.239990234375,0.0
133,720.0900268554688,0.0
134,725.27001953125,0.0
135,724.1199951171875,0.0
136,732.6599731445312,0.0
137,735.719970703125,0.0
138,734.1500244140625,0.0
139,730.4000244140625,0.0
140,722.3400268554688,0.0
141,716.5499877929688,0.0
142,716.6500244140625,0.0
143,728.280029296875,0.0
144,728.5800170898438,0.0
145,719.4099731445312,0.0
146,718.3599853515625,0.0
147,718.27001953125,0.0
148,718.9199829101562,0.0
149,710.3599853515625,0.0
150,691.719970703125,0.0
151,693.7100219726562,0.0
152,695.9400024414062,0.0
153,697.4600219726562,0.0
154,701.8699951171875,0.0
155,675.219970703125,0.0
156,668.260009765625,0.0
157,680.0399780273438,0.0
158,684.1099853515625,0.0
159,692.0999755859375,0.0
160,699.2100219726562,0.0
161,694.9500122070312,0.0
162,697.77001953125,0.0
163,695.3599853515625,0.0
164,705.6300048828125,0.0
165,715.0900268554688,0.0
166,720.6400146484375,0.0
167,716.97998046875,0.0
168,720.9500122070312,0.0
169,719.8499755859375,0.0
170,733.780029296875,0.0
171,736.9600219726562,0.0
172,741.1900024414062,0.0
173,738.6300048828125,0.0
174,742.739990234375,0.0
175,739.77001953125,0.0
176,738.4199829101562,0.0
177,741.77001953125,0.0
178,745.9099731445312,0.0
179,768.7899780273438,0.0
180,772.8800048828125,0.0
181,771.0700073242188,0.0
182,773.1799926757812,0.0
183,771.6099853515625,0.0
184,782.219970703125,0.0
185,781.760009765625,0.0
186,784.260009765625,0.0
187,784.6799926757812,0.0
188,784.8499755859375,0.0
189,783.219970703125,0.0
190,782.4400024414062,0.0
191,777.1400146484375,0.0
192,779.9099731445312,0.0
193,777.5,0.0
194,775.4199829101562,0.0
195,772.1500244140625,0.0
196,772.0800170898438,0.0
197,769.6400146484375,0.0
198,769.4099731445312,0.0
199,769.5399780273438,0.0
200,772.1500244140625,0.0
201,769.0900268554688,0.0
202,767.0499877929688,0.0
203,768.780029296875,0.0
204,771.4600219726562,0.0
205,780.0800170898438,0.0
206,780.3499755859375,0.0
207,775.3200073242188,0.0
208,759.6599731445312,0.0
209,769.02001953125,0.0
210,759.6900024414062,0.0
211,762.489990234375,0.0
212,771.760009765625,0.0
213,768.8800048828125,0.0
214,765.7000122070312,0.0
215,771.4099731445312,0.0
216,776.219970703125,0.0
217,787.2100219726562,0.0
218,786.9000244140625,0.0
219,774.2100219726562,0.0
220,783.010009765625,0.0
221,781.5599975585938,0.0
222,775.010009765625,0.0
223,777.2899780273438,0.0
224,772.5599975585938,0.0
225,776.4299926757812,0.0
226,776.469970703125,0.0
227,776.8599853515625,0.0
228,775.0800170898438,0.0
229,785.9400024414062,0.0
230,783.0700073242188,0.0
231,786.1400146484375,0.0
232,778.1900024414062,0.0
233,778.530029296875,0.0
234,779.9600219726562,0.0
235,795.260009765625,0.0
236,801.5,0.0
237,796.969970703125,0.0
238,799.3699951171875,0.0
239,813.1099853515625,0.0
240,807.6699829101562,0.0
241,799.0700073242188,0.0
242,795.3499755859375,0.0
243,795.3699951171875,0.0
244,784.5399780273438,0.0
245,783.6099853515625,0.0
246,768.7000122070312,0.0
247,762.1300048828125,0.0
248,762.02001953125,0.0
249,782.52001953125,0.0
250,790.510009765625,0.0
251,785.3099975585938,0.0
252,762.5599975585938,0.0
253,754.02001953125,0.0
254,736.0800170898438,0.0
255,758.489990234375,0.0
256,764.47998046875,0.0
257,771.22998046875,0.0
258,760.5399780273438,0.0
259,769.2000122070312,0.0
260,768.27001953125,0.0
261,760.989990234375,0.0
262,761.6799926757812,0.0
263,768.239990234375,0.0
264,770.8400268554688,0.0
265,758.0399780273438,0.0
266,747.9199829101562,0.0
267,750.5,0.0
268,762.52001953125,0.0
269,759.1099853515625,0.0
270,771.1900024414062,0.0
271,776.4199829101562,0.0
272,789.2899780273438,0.0
273,789.27001953125,0.0
274,796.0999755859375,0.0
275,797.0700073242188,0.0
276,797.8499755859375,0.0
277,790.7999877929688,0.0
278,794.2000122070312,0.0
279,796.4199829101562,0.0
280,794.5599975585938,0.0
281,791.260009765625,0.0
282,789.9099731445312,0.0
283,791.5499877929688,0.0
284,785.0499877929688,0.0
285,782.7899780273438,0.0
286,771.8200073242188,0.0
287,786.1400146484375,0.0
288,786.9000244140625,0.0
289,794.02001953125,0.0
290,806.1500244140625,0.0
291,806.6500244140625,0.0
292,804.7899780273438,0.0
293,807.9099731445312,0.0
294,806.3599853515625,0.0
295,807.8800048828125,0.0
296,804.6099853515625,0.0
297,806.0700073242188,0.0
298,802.1749877929688,0.0
299,805.02001953125,0.0
300,819.3099975585938,0.0
301,823.8699951171875,0.0
302,835.6699829101562,0.0
303,832.1500244140625,0.0
304,823.3099975585938,0.0
305,802.3200073242188,0.0
306,796.7899780273438,0.0
307,795.6950073242188,0.0
308,798.530029296875,0.0
309,801.489990234375,0.0
310,801.3400268554688,0.0
311,806.969970703125,0.0
312,808.3800048828125,0.0
313,809.5599975585938,0.0
314,813.6699829101562,0.0
315,819.239990234375,0.0
316,820.4500122070312,0.0
317,818.97998046875,0.0
318,824.1599731445312,0.0
319,828.0700073242188,0.0
320,831.6599731445312,0.0
321,830.760009765625,0.0
322,831.3300170898438,0.0
323,828.6400146484375,0.0
324,829.280029296875,0.0
325,823.2100219726562,0.0
326,835.239990234375,0.0
327,830.6300048828125,0.0
328,829.0800170898438,0.0
329,827.780029296875,0.0
330,831.9099731445312,0.0
331,835.3699951171875,0.0
332,838.6799926757812,0.0
333,843.25,0.0
334,845.5399780273438,0.0
335,845.6199951171875,0.0
336,847.2000122070312,0.0
337,848.780029296875,0.0
338,852.1199951171875,0.0
339,848.4000244140625,0.0
340,830.4600219726562,0.0
341,829.5900268554688,0.0
342,817.5800170898438,0.0
343,814.4299926757812,0.0
344,819.510009765625,0.0
345,820.9199829101562,0.0
346,831.4099731445312,0.0
347,831.5,0.0
348,829.5599975585938,0.0
349,838.5499877929688,0.0
350,834.5700073242188,0.0
351,831.4099731445312,0.0
352,827.8800048828125,0.0
353,824.6699829101562,0.0
354,824.72998046875,0.0
355,823.3499755859375,0.0
356,824.3200073242188,0.0
357,823.5599975585938,0.0
358,837.1699829101562,0.0
359,836.8200073242188,0.0
360,838.2100219726562,0.0
361,841.6500244140625,0.0
362,843.1900024414062,0.0
363,862.760009765625,0.0
364,872.2999877929688,0.0
365,871.72998046875,0.0
366,874.25,0.0
367,905.9600219726562,0.0
368,912.5700073242188,0.0
369,916.4400024414062,0.0
370,927.0399780273438,0.0
371,931.6599731445312,0.0
372,927.1300048828125,0.0
373,934.2999877929688,0.0
374,932.1699829101562,0.0
375,928.780029296875,0.0
376,930.5999755859375,0.0
377,932.219970703125,0.0
378,937.0800170898438,0.0
379,943.0,0.0
380,919.6199951171875,0.0
381,930.239990234375,0.0
382,934.010009765625,0.0
383,941.8599853515625,0.0
384,948.8200073242188,0.0
385,954.9600219726562,0.0
386,969.5399780273438,0.0
387,971.469970703125,0.0
388,975.8800048828125,0.0
389,964.8599853515625,0.0
390,966.9500122070312,0.0
391,975.5999755859375,0.0
392,983.6799926757812,0.0
393,976.5700073242188,0.0
394,980.9400024414062,0.0
395,983.4099731445312,0.0
396,949.8300170898438,0.0
397,942.9000244140625,0.0
398,953.4000244140625,0.0
399,950.760009765625,0.0
400,942.3099975585938,0.0
401,939.780029296875,0.0
402,957.3699951171875,0.0
403,950.6300048828125,0.0
404,959.4500122070312,0.0
405,957.0900268554688,0.0
406,965.5900268554688,0.0
407,952.27001953125,0.0
408,927.3300170898438,0.0
409,940.489990234375,0.0
410,917.7899780273438,0.0
411,908.72998046875,0.0
412,898.7000122070312,0.0
413,911.7100219726562,0.0
414,906.6900024414062,0.0
415,918.5900268554688,0.0
416,928.7999877929688,0.0
417,930.0900268554688,0.0
418,943.8300170898438,0.0
419,947.1599731445312,0.0
420,955.989990234375,0.0
421,953.4199829101562,0.0
422,965.4000244140625,0.0
423,970.8900146484375,0.0
424,968.1500244140625,0.0
425,972.9199829101562,0.0
426,980.3400268554688,0.0
427,950.7000122070312,0.0
428,947.7999877929688,0.0
429,934.0900268554688,0.0
430,941.530029296875,0.0
431,930.5,0.0
432,930.8300170898438,0.0
433,930.3900146484375,0.0
434,923.6500244140625,0.0
435,927.9600219726562,0.0
436,929.3599853515625,0.0
437,926.7899780273438,0.0
438,922.9000244140625,0.0
439,907.239990234375,0.0
440,914.3900146484375,0.0
441,922.6699829101562,0.0
442,922.219970703125,0.0
443,926.9600219726562,0.0
444,910.97998046875,0.0
445,910.6699829101562,0.0
446,906.6599731445312,0.0
447,924.6900024414062,0.0
448,927.0,0.0
449,921.280029296875,0.0
450,915.8900146484375,0.0
451,913.8099975585938,0.0
452,921.2899780273438,0.0
453,929.5700073242188,0.0
454,939.3300170898438,0.0
455,937.3400268554688,0.0
456,928.4500122070312,0.0
457,927.8099975585938,0.0
458,935.9500122070312,0.0
459,926.5,0.0
460,929.0800170898438,0.0
461,932.0700073242188,0.0
462,935.0900268554688,0.0
463,925.1099853515625,0.0
464,920.2899780273438,0.0
465,915.0,0.0
466,921.8099975585938,0.0
467,931.5800170898438,0.0
468,932.4500122070312,0.0
469,928.530029296875,0.0
470,920.969970703125,0.0
471,924.8599853515625,0.0
472,944.489990234375,0.0
473,949.5,0.0
474,959.1099853515625,0.0
475,953.27001953125,0.0
476,957.7899780273438,0.0
477,951.6799926757812,0.0
478,969.9600219726562,0.0
479,978.8900146484375,0.0
480,977.0,0.0
481,972.5999755859375,0.0
482,989.25,0.0
483,987.8300170898438,0.0
484,989.6799926757812,0.0
485,992.0,0.0
486,992.1799926757812,0.0
487,992.8099975585938,0.0
488,984.4500122070312,0.0
489,988.2000122070312,0.0
490,968.4500122070312,0.0
491,970.5399780273438,0.0
492,973.3300170898438,0.0
493,972.5599975585938,0.0
494,1019.27001953125,0.0
495,1017.1099853515625,0.0
496,1016.6400146484375,0.0
497,1025.5,0.0
498,1025.5799560546875,0.0
499,1032.47998046875,0.0
500,1025.9000244140625,0.0
501,1033.3299560546875,0.0
502,1039.8499755859375,0.0
503,1031.260009765625,0.0
504,1028.0699462890625,0.0
505,1025.75,0.0
506,1026.0,0.0
507,1020.9099731445312,0.0
508,1032.5,0.0
509,1019.0900268554688,0.0
510,1018.3800048828125,0.0
511,1034.489990234375,0.0
512,1035.9599609375,0.0
513,1040.6099853515625,0.0
514,1054.2099609375,0.0
515,1047.4100341796875,0.0
516,1021.6599731445312,0.0
517,1021.4099731445312,0.0
518,1010.1699829101562,0.0
519,998.6799926757812,0.0
520,1005.1500244140625,0.0
521,1018.3800048828125,0.0
522,1030.9300537109375,0.0
523,1037.050048828125,0.0
524,1041.0999755859375,0.0
525,1040.47998046875,0.0
526,1040.6099853515625,0.0
527,1049.1500244140625,0.0
528,1064.18994140625,0.0
529,1077.1400146484375,0.0
530,1070.6800537109375,0.0
531,1064.949951171875,0.0
532,1063.6300048828125,0.0
533,1060.1199951171875,0.0
534,1056.739990234375,0.0
535,1049.3699951171875,0.0
536,1048.1400146484375,0.0
537,1046.4000244140625,0.0
538,1065.0,0.0
539,1082.47998046875,0.0
540,1086.4000244140625,0.0
541,1102.22998046875,0.0
542,1106.93994140625,0.0
543,1106.260009765625,0.0
544,1102.6099853515625,0.0
545,1105.52001953125,0.0
546,1122.260009765625,0.0
547,1121.760009765625,0.0
548,1131.97998046875,0.0
549,1129.7900390625,0.0
550,1137.510009765625,0.0
551,1155.81005859375,0.0
552,1169.969970703125,0.0
553,1164.239990234375,0.0
554,1170.3699951171875,0.0
555,1175.8399658203125,0.0
556,1175.5799560546875,0.0
557,1163.68994140625,0.0
558,1169.93994140625,0.0
559,1167.699951171875,0.0
560,1111.9000244140625,0.0
561,1055.800048828125,0.0
562,1080.5999755859375,0.0
563,1048.5799560546875,0.0
564,1001.52001953125,0.0
565,1037.780029296875,0.0
566,1051.93994140625,0.0
567,1052.0999755859375,0.0
568,1069.699951171875,0.0
569,1089.52001953125,0.0
570,1094.800048828125,0.0
571,1102.4599609375,0.0
572,1111.3399658203125,0.0
573,1106.6300048828125,0.0
574,1126.7900390625,0.0
575,1143.75,0.0
576,1118.2900390625,0.0
577,1104.72998046875,0.0
578,1069.52001953125,0.0
579,1078.9200439453125,0.0
580,1090.9300537109375,0.0
581,1095.06005859375,0.0
582,1109.6400146484375,0.0
583,1126.0,0.0
584,1160.0400390625,0.0
585,1164.5,0.0
586,1138.1700439453125,0.0
587,1149.489990234375,0.0
588,1149.5799560546875,0.0
589,1135.72998046875,0.0
590,1099.8199462890625,0.0
591,1097.7099609375,0.0
592,1090.8800048828125,0.0
593,1049.0799560546875,0.0
594,1021.5700073242188,0.0
595,1053.2099609375,0.0
596,1005.0999755859375,0.0
597,1004.5599975585938,0.0
598,1031.7900390625,0.0
599,1006.469970703125,0.0
600,1013.4099731445312,0.0
601,1025.1400146484375,0.0
602,1027.81005859375,0.0
603,1007.0399780273438,0.0
604,1015.4500122070312,0.0
605,1031.6400146484375,0.0
606,1019.969970703125,0.0
607,1032.510009765625,0.0
608,1029.27001953125,0.0
609,1037.97998046875,0.0
610,1074.1600341796875,0.0
611,1072.0799560546875,0.0
612,1087.699951171875,0.0
613,1072.9599609375,0.0
614,1067.449951171875,0.0
615,1019.97998046875,0.0
616,1021.1799926757812,0.0
617,1040.0400390625,0.0
618,1030.050048828125,0.0
619,1017.3300170898438,0.0
620,1037.31005859375,0.0
621,1024.3800048828125,0.0
622,1023.719970703125,0.0
623,1048.2099609375,0.0
624,1054.7900390625,0.0
625,1053.9100341796875,0.0
626,1082.760009765625,0.0
627,1097.5699462890625,0.0
628,1098.260009765625,0.0
629,1100.199951171875,0.0
630,1079.22998046875,0.0
631,1081.77001953125,0.0
632,1078.5899658203125,0.0
633,1066.3599853515625,0.0
634,1079.5799560546875,0.0
635,1069.72998046875,0.0
636,1079.68994140625,0.0
637,1079.239990234375,0.0
638,1075.6600341796875,0.0
639,1060.3199462890625,0.0
640,1067.800048828125,0.0
641,1084.989990234375,0.0
642,1119.5,0.0
643,1139.2900390625,0.0
644,1139.6600341796875,0.0
645,1136.8800048828125,0.0
646,1123.8599853515625,0.0
647,1120.8699951171875,0.0
648,1129.989990234375,0.0
649,1139.3199462890625,0.0
650,1134.7900390625,0.0
651,1152.1199951171875,0.0
652,1152.260009765625,0.0
653,1173.4599609375,0.0
654,1168.06005859375,0.0
655,1169.8399658203125,0.0
656,1157.6600341796875,0.0
657,1155.47998046875,0.0
658,1124.81005859375,0.0
659,1118.4599609375,0.0
660,1103.97998046875,0.0
661,1114.219970703125,0.0
662,1115.6500244140625,0.0
663,1127.4599609375,0.0
664,1102.8900146484375,0.0
665,1124.27001953125,0.0
666,1140.1700439453125,0.0
667,1154.050048828125,0.0
668,1152.8399658203125,0.0
669,1153.9000244140625,0.0
670,1183.47998046875,0.0
671,1188.8199462890625,0.0
672,1183.8599853515625,0.0
673,1198.800048828125,0.0
674,1195.8800048828125,0.0
675,1186.9599609375,0.0
676,1184.9100341796875,0.0
677,1205.5,0.0
678,1248.0799560546875,0.0
679,1263.699951171875,0.0
680,1268.3299560546875,0.0
681,1238.5,0.0
682,1219.739990234375,0.0
683,1217.260009765625,0.0
684,1220.010009765625,0.0
685,1226.1500244140625,0.0
686,1223.7099609375,0.0
687,1224.77001953125,0.0
688,1242.219970703125,0.0
689,1245.6099853515625,0.0
690,1249.0999755859375,0.0
691,1237.6099853515625,0.0
692,1235.010009765625,0.0
693,1242.0999755859375,0.0
694,1214.3800048828125,0.0
695,1206.489990234375,0.0
696,1200.9599609375,0.0
697,1207.77001953125,0.0
698,1201.6199951171875,0.0
699,1207.3299560546875,0.0
700,1205.3800048828125,0.0
701,1220.6500244140625,0.0
702,1241.8199462890625,0.0
703,1231.1500244140625,0.0
704,1249.300048828125,0.0
705,1239.1199951171875,0.0
706,1218.18994140625,0.0
707,1197.0,0.0
708,1186.47998046875,0.0
709,1171.43994140625,0.0
710,1164.8299560546875,0.0
711,1164.6400146484375,0.0
712,1177.3599853515625,0.0
713,1162.8199462890625,0.0
714,1175.3299560546875,0.0
715,1172.530029296875,0.0
716,1156.050048828125,0.0
717,1161.219970703125,0.0
718,1171.0899658203125,0.0
719,1186.8699951171875,0.0
720,1166.0899658203125,0.0
721,1173.3699951171875,0.0
722,1184.6500244140625,0.0
723,1180.489990234375,0.0
724,1194.6400146484375,0.0
725,1193.469970703125,0.0
726,1195.31005859375,0.0
727,1200.1099853515625,0.0
728,1202.949951171875,0.0
729,1168.18994140625,0.0
730,1157.3499755859375,0.0
731,1148.969970703125,0.0
732,1138.8199462890625,0.0
733,1081.219970703125,0.0
734,1079.3199462890625,0.0
735,1110.0799560546875,0.0
736,1092.25,0.0
737,1121.280029296875,0.0
738,1115.68994140625,0.0
739,1087.969970703125,0.0
740,1096.4599609375,0.0
741,1101.1600341796875,0.0
742,1103.68994140625,0.0
743,1050.7099609375,0.0
744,1095.5699462890625,0.0
745,1071.469970703125,0.0
746,1020.0800170898438,0.0
747,1036.2099609375,0.0
748,1076.77001953125,0.0
749,1070.0,0.0
750,1057.7900390625,0.0
751,1040.0899658203125,0.0
752,1055.81005859375,0.0
753,1093.3900146484375,0.0
754,1082.4000244140625,0.0
755,1066.1500244140625,0.0
756,1038.6300048828125,0.0
757,1036.050048828125,0.0
758,1043.6600341796875,0.0
759,1064.7099609375,0.0
760,1061.489990234375,0.0
761,1020.0,0.0
762,1025.760009765625,0.0
763,1037.6099853515625,0.0
764,1023.8800048828125,0.0
765,1048.6199951171875,0.0
766,1044.4100341796875,0.0
767,1086.22998046875,0.0
768,1088.300048828125,0.0
769,1094.4300537109375,0.0
770,1106.4300537109375,0.0
771,1050.8199462890625,0.0
772,1068.72998046875,0.0
773,1036.5799560546875,0.0
774,1039.550048828125,0.0
775,1051.75,0.0
776,1063.6800537109375,0.0
777,1061.9000244140625,0.0
778,1042.0999755859375,0.0
779,1016.530029296875,0.0
780,1028.7099609375,0.0
781,1023.010009765625,0.0
782,1009.4099731445312,0.0
783,979.5399780273438,0.0
784,976.219970703125,0.0
785,1039.4599609375,0.0
786,1043.8800048828125,0.0
787,1037.0799560546875,0.0
788,1035.6099853515625,0.0
789,1045.8499755859375,0.0
790,1016.0599975585938,0.0
791,1070.7099609375,0.0
792,1068.3900146484375,0.0
793,1076.280029296875,0.0
794,1074.6600341796875,0.0
795,1070.3299560546875,0.0
796,1057.18994140625,0.0
797,1044.68994140625,0.0
798,1077.1500244140625,0.0
799,1080.969970703125,0.0
800,1089.9000244140625,0.0
801,1098.260009765625,0.0
802,1070.52001953125,0.0
803,1075.5699462890625,0.0
804,1073.9000244140625,0.0
805,1090.989990234375,0.0
806,1070.0799560546875,0.0
807,1060.6199951171875,0.0
808,1089.06005859375,0.0
809,1116.3699951171875,0.0
810,1110.75,0.0
811,1132.800048828125,0.0
812,1145.989990234375,0.0
813,1115.22998046875,0.0
814,1098.7099609375,0.0
815,1095.06005859375,0.0
816,1095.010009765625,0.0
817,1121.3699951171875,0.0
818,1120.1600341796875,0.0
819,1121.6700439453125,0.0
820,1113.6500244140625,0.0
821,1118.56005859375,0.0
822,1113.800048828125,0.0
823,1096.969970703125,0.0
824,1110.3699951171875,0.0
825,1109.4000244140625,0.0
826,1115.1300048828125,0.0
827,1116.050048828125,0.0
828,1119.9200439453125,0.0
829,1140.989990234375,0.0
830,1147.800048828125,0.0
831,1162.030029296875,0.0
832,1157.8599853515625,0.0
833,1143.300048828125,0.0
834,1142.3199462890625,0.0
835,1175.760009765625,0.0
836,1193.199951171875,0.0
837,1193.3199462890625,0.0
838,1185.550048828125,0.0
839,1184.4599609375,0.0
840,1184.260009765625,0.0
841,1198.8499755859375,0.0
842,1223.969970703125,0.0
843,1231.5400390625,0.0
844,1205.5,0.0
845,1193.0,0.0
846,1184.6199951171875,0.0
847,1173.02001953125,0.0
848,1168.489990234375,0.0
849,1173.31005859375,0.0
850,1194.4300537109375,0.0
851,1200.489990234375,0.0
852,1205.9200439453125,0.0
853,1215.0,0.0
854,1207.1500244140625,0.0
855,1203.8399658203125,0.0
856,1197.25,0.0
857,1202.1600341796875,0.0
858,1204.6199951171875,0.0
859,1217.8699951171875,0.0
860,1221.0999755859375,0.0
861,1227.1300048828125,0.0
862,1236.3399658203125,0.0
863,1236.3699951171875,0.0
864,1248.8399658203125,0.0
865,1264.550048828125,0.0
866,1256.0,0.0
867,1263.449951171875,0.0
868,1272.1800537109375,0.0
869,1287.5799560546875,0.0
870,1188.47998046875,0.0
871,1168.0799560546875,0.0
872,1162.6099853515625,0.0
873,1185.4000244140625,0.0
874,1189.3900146484375,0.0
875,1174.0999755859375,0.0
876,1166.27001953125,0.0
877,1162.3800048828125,0.0
878,1164.27001953125,0.0
879,1132.030029296875,0.0
880,1120.43994140625,0.0
881,1164.2099609375,0.0
882,1178.97998046875,0.0
883,1162.300048828125,0.0
884,1138.8499755859375,0.0
885,1149.6300048828125,0.0
886,1151.4200439453125,0.0
887,1140.77001953125,0.0
888,1133.469970703125,0.0
889,1134.1500244140625,0.0
890,1116.4599609375,0.0
891,1117.949951171875,0.0
892,1103.6300048828125,0.0
893,1036.22998046875,0.0
894,1053.050048828125,0.0
895,1042.219970703125,0.0
896,1044.3399658203125,0.0
897,1066.0400390625,0.0
898,1080.3800048828125,0.0
899,1078.719970703125,0.0
900,1077.030029296875,0.0
901,1088.77001953125,0.0
902,1085.3499755859375,0.0
903,1092.5,0.0
904,1103.5999755859375,0.0
905,1102.3299560546875,0.0
906,1111.4200439453125,0.0
907,1121.8800048828125,0.0
908,1115.52001953125,0.0
909,1086.3499755859375,0.0
910,1079.800048828125,0.0
911,1076.010009765625,0.0
912,1080.9100341796875,0.0
913,1097.949951171875,0.0
914,1111.25,0.0
915,1121.5799560546875,0.0
916,1131.5899658203125,0.0
917,1116.3499755859375,0.0
918,1124.8299560546875,0.0
919,1140.47998046875,0.0
920,1144.2099609375,0.0
921,1144.9000244140625,0.0
922,1150.3399658203125,0.0
923,1153.5799560546875,0.0
924,1146.3499755859375,0.0
925,1146.3299560546875,0.0
926,1130.0999755859375,0.0
927,1138.0699462890625,0.0
928,1146.2099609375,0.0
929,1137.81005859375,0.0
930,1132.1199951171875,0.0
931,1250.4100341796875,0.0
932,1239.4100341796875,0.0
933,1225.1400146484375,0.0
934,1216.6800537109375,0.0
935,1209.010009765625,0.0
936,1193.989990234375,0.0
937,1152.3199462890625,0.0
938,1169.949951171875,0.0
939,1173.989990234375,0.0
940,1204.800048828125,0.0
941,1188.010009765625,0.0
942,1174.7099609375,0.0
943,1197.27001953125,0.0
944,1164.2900390625,0.0
945,1167.260009765625,0.0
946,1177.5999755859375,0.0
947,1198.449951171875,0.0
948,1182.68994140625,0.0
949,1191.25,0.0
950,1189.530029296875,0.0
951,1151.2900390625,0.0
952,1168.8900146484375,0.0
953,1167.8399658203125,0.0
954,1171.02001953125,0.0
955,1192.8499755859375,0.0
956,1188.0999755859375,0.0
957,1168.3900146484375,0.0
958,1181.4100341796875,0.0
959,1211.3800048828125,0.0
960,1204.9300537109375,0.0
961,1204.4100341796875,0.0
962,1206.0,0.0
963,1220.1700439453125,0.0
964,1234.25,0.0
965,1239.56005859375,0.0
966,1231.300048828125,0.0
967,1229.1500244140625,0.0
968,1232.4100341796875,0.0
969,1238.7099609375,0.0
970,1229.9300537109375,0.0
971,1234.030029296875,0.0
972,1218.760009765625,0.0
973,1246.52001953125,0.0
974,1241.3900146484375,0.0
975,1225.0899658203125,0.0
976,1219.0,0.0
977,1205.0999755859375,0.0
978,1176.6300048828125,0.0
979,1187.8299560546875,0.0
980,1209.0,0.0
981,1207.6800537109375,0.0
982,1189.1300048828125,0.0
983,1202.31005859375,0.0
984,1208.6700439453125,0.0
985,1215.449951171875,0.0
986,1217.1400146484375,0.0
987,1243.010009765625,0.0
988,1243.6400146484375,0.0
989,1253.0699462890625,0.0
990,1245.489990234375,0.0
991,1246.1500244140625,0.0
992,1242.800048828125,0.0
993,1259.1300048828125,0.0
994,1260.989990234375,0.0
995,1265.1300048828125,0.0
996,1290.0,0.0
997,1262.6199951171875,0.0
998,1261.2900390625,0.0
999,1260.1099853515625,0.0
1000,1273.739990234375,0.0
1001,1291.3699951171875,0.0
1002,1292.030029296875,0.0
1003,1291.800048828125,0.0
1004,1308.8599853515625,0.0
1005,1311.3699951171875,0.0
1006,1299.18994140625,0.0
1007,1298.800048828125,1287.62353515625
1008,1298.0,1291.7718505859375
1009,1311.4599609375,1289.58984375
1010,1334.8699951171875,1306.034912109375
1011,1320.699951171875,1327.9017333984375
1012,1315.4599609375,1304.459716796875
1013,1303.050048828125,1307.489990234375
1014,1301.3499755859375,1292.1533203125
1015,1295.3399658203125,1295.396484375
1016,1306.68994140625,1287.01708984375
1017,1313.550048828125,1302.7166748046875
1018,1312.989990234375,1305.1031494140625
1019,1304.9599609375,1303.697998046875
1020,1289.9200439453125,1294.9959716796875
1021,1295.280029296875,1280.4552001953125
1022,1320.5400390625,1291.2640380859375
1023,1328.1300048828125,1316.4759521484375
1024,1340.6199951171875,1316.820068359375
1025,1343.56005859375,1331.92236328125
1026,1344.6600341796875,1330.67919921875
1027,1345.02001953125,1333.224609375
1028,1350.27001953125,1333.5108642578125
1029,1347.8299560546875,1340.2291259765625
1030,1361.1700439453125,1335.3770751953125
1031,1355.1199951171875,1353.54541015625
1032,1352.6199951171875,1339.810546875
1033,1356.0400390625,1342.75048828125
1034,1349.5899658203125,1346.0584716796875
1035,1348.8399658203125,1337.1016845703125
1036,1343.56005859375,1339.84814453125
1037,1360.4000244140625,1332.4002685546875
1038,1351.8900146484375,1355.080078125
1039,1336.1400146484375,1335.964599609375
1040,1337.02001953125,1324.87646484375
1041,1367.3699951171875,1330.215576171875
1042,1360.6600341796875,1363.534912109375
1043,1394.2099609375,1342.4224853515625
1044,1393.3399658203125,1391.1915283203125
1045,1404.3199462890625,1371.4815673828125
1046,1419.8299560546875,1393.947998046875
1047,1429.72998046875,1404.8729248046875
1048,1439.22998046875,1413.237060546875
1049,1430.8800048828125,1422.8831787109375
1050,1439.199951171875,1410.1292724609375
1051,1451.699951171875,1427.66650390625
1052,1480.3900146484375,1436.0318603515625
1053,1484.4000244140625,1467.780029296875
1054,1485.949951171875,1459.0758056640625
1055,1486.6500244140625,1467.16796875
1056,1466.7099609375,1466.521484375
1057,1433.9000244140625,1443.240234375
1058,1452.56005859375,1414.9176025390625
1059,1458.6300048828125,1451.7969970703125
1060,1455.8399658203125,1439.5140380859375
1061,1434.22998046875,1440.207763671875
1062,1485.93994140625,1413.21044921875
1063,1447.0699462890625,1489.123046875
1064,1448.22998046875,1403.318115234375
1065,1476.22998046875,1446.984375
1066,1479.22998046875,1462.5478515625
1067,1508.6800537109375,1456.514892578125
1068,1508.7900390625,1496.8543701171875
1069,1518.27001953125,1478.2684326171875
1070,1514.6600341796875,1500.916259765625
1071,1520.739990234375,1487.5762939453125
1072,1519.6700439453125,1503.11376953125
1073,1526.68994140625,1495.347412109375
1074,1518.1500244140625,1508.6165771484375
1075,1485.1099853515625,1491.846923828125
1076,1421.5899658203125,1459.2767333984375
1077,1388.449951171875,1396.3013916015625
1078,1393.1800537109375,1384.9320068359375
1079,1318.0899658203125,1392.121826171875
1080,1339.3299560546875,1289.22900390625
1081,1389.1099853515625,1356.2442626953125
1082,1341.3900146484375,1384.93896484375
1083,1386.52001953125,1311.1046142578125
1084,1319.0400390625,1395.4805908203125
1085,1298.4100341796875,1279.024169921875
1086,1215.56005859375,1300.762939453125
1087,1280.3900146484375,1194.103271484375
1088,1215.4100341796875,1301.5665283203125
1089,1114.9100341796875,1190.4263916015625
1090,1219.72998046875,1111.8206787109375
1091,1084.3299560546875,1239.2218017578125
1092,1119.800048828125,1066.4248046875
1093,1096.800048828125,1133.421142578125
1094,1115.2900390625,1099.85888671875
1095,1072.3199462890625,1122.385986328125
1096,1056.6199951171875,1078.0478515625
1097,1134.4599609375,1064.8179931640625
1098,1102.489990234375,1136.15625
1099,1161.75,1105.031982421875
1100,1110.7099609375,1162.9658203125
1101,1146.8199462890625,1109.454833984375
1102,1162.81005859375,1146.76171875
1103,1105.6199951171875,1158.9749755859375
1104,1120.8399658203125,1102.056884765625
1105,1097.8800048828125,1120.3201904296875
1106,1186.9200439453125,1096.291015625
1107,1186.510009765625,1184.99365234375
1108,1210.280029296875,1179.214111328125
1109,1211.449951171875,1206.04736328125
1110,1217.56005859375,1202.8388671875
1111,1269.22998046875,1209.787353515625
1112,1262.469970703125,1263.535400390625
1113,1263.469970703125,1246.055908203125
1114,1283.25,1253.4210205078125
1115,1266.6099853515625,1274.298095703125
1116,1216.3399658203125,1251.3851318359375
1117,1263.2099609375,1203.034912109375
1118,1276.31005859375,1268.0465087890625
1119,1279.31005859375,1265.63720703125
1120,1275.8800048828125,1271.487060546875
1121,1233.6700439453125,1266.6370849609375
1122,1341.47998046875,1220.6072998046875
1123,1348.6600341796875,1354.232421875
1124,1320.6099853515625,1323.2149658203125
1125,1326.800048828125,1304.9549560546875
1126,1351.1099853515625,1319.9713134765625
1127,1347.300048828125,1343.207763671875
1128,1372.56005859375,1331.265625
1129,1388.3699951171875,1366.733642578125
1130,1403.260009765625,1373.1767578125
1131,1375.739990234375,1389.8497314453125
1132,1349.3299560546875,1352.0653076171875
1133,1356.1300048828125,1337.628662109375
1134,1373.18994140625,1352.1087646484375
1135,1383.93994140625,1365.8040771484375
1136,1373.4849853515625,1372.651611328125
1137,1406.719970703125,1357.519775390625
1138,1402.800048828125,1404.0028076171875
1139,1410.4200439453125,1380.2127685546875
1140,1417.02001953125,1400.5269775390625
1141,1417.8399658203125,1401.2252197265625
1142,1416.72998046875,1402.522705078125
1143,1428.9200439453125,1401.7353515625
1144,1431.8199462890625,1417.618896484375
1145,1439.219970703125,1414.5357666015625
1146,1436.3800048828125,1425.6134033203125
1147,1412.1800537109375,1417.9588623046875
1148,1438.3900146484375,1392.353515625
1149,1446.6099853515625,1436.6944580078125
1150,1456.1600341796875,1425.979736328125
1151,1465.8499755859375,1442.40576171875
1152,1403.8399658203125,1447.9447021484375
1153,1413.1800537109375,1368.9412841796875
1154,1419.8499755859375,1418.81201171875
1155,1442.719970703125,1403.4554443359375
1156,1451.1199951171875,1435.9117431640625
1157,1435.9599609375,1431.237548828125
1158,1431.719970703125,1414.6949462890625
1159,1451.8599853515625,1418.4222412109375
1160,1464.4100341796875,1441.55908203125
1161,1431.969970703125,1445.75048828125
1162,1441.3299560546875,1404.0972900390625
1163,1359.9000244140625,1436.7069091796875
1164,1394.969970703125,1319.9703369140625
1165,1413.6099853515625,1414.9332275390625
1166,1438.0400390625,1394.603759765625
1167,1464.699951171875,1430.3621826171875
1168,1495.699951171875,1447.5577392578125
1169,1485.1800537109375,1477.721435546875
1170,1496.0,1452.8641357421875
1171,1510.989990234375,1481.3170166015625
1172,1541.739990234375,1488.787841796875
1173,1511.3399658203125,1524.2080078125
1174,1520.5799560546875,1470.72998046875
1175,1513.6400146484375,1512.835693359375
1176,1518.0,1484.761474609375
1177,1515.550048828125,1504.001953125
1178,1565.719970703125,1492.0462646484375
1179,1558.4200439453125,1559.7659912109375
1180,1568.489990234375,1515.2137451171875
1181,1515.6800537109375,1553.0931396484375
1182,1511.8699951171875,1469.4002685546875
1183,1530.199951171875,1510.6363525390625
1184,1500.3399658203125,1512.6793212890625
1185,1522.02001953125,1469.101318359375
1186,1531.449951171875,1519.5003662109375
1187,1482.9599609375,1503.8240966796875
1188,1474.449951171875,1448.4368896484375
1189,1464.969970703125,1468.565185546875
1190,1473.6099853515625,1444.9188232421875
1191,1500.0999755859375,1464.184814453125
1192,1494.489990234375,1485.9632568359375
1193,1496.0999755859375,1466.0394287109375
1194,1480.3199462890625,1478.7225341796875
1195,1506.6199951171875,1453.6436767578125
1196,1518.449951171875,1499.0164794921875
1197,1507.72998046875,1491.0439453125
1198,1517.97998046875,1481.5640869140625
1199,1558.5999755859375,1501.5458984375
1200,1547.530029296875,1542.291259765625
1201,1581.75,1507.4022216796875
1202,1580.4200439453125,1570.9459228515625
1203,1588.199951171875,1538.54052734375
1204,1608.219970703125,1567.3212890625
1205,1652.3800048828125,1580.873291015625
1206,1634.3299560546875,1628.8931884765625
1207,1644.4100341796875,1581.5556640625
1208,1634.1800537109375,1625.6162109375
1209,1660.7099609375,1591.9093017578125
1210,1728.280029296875,1644.807373046875
1211,1641.8399658203125,1700.4971923828125
1212,1591.0400390625,1554.722900390625
1213,1532.3900146484375,1585.7044677734375
1214,1556.9599609375,1496.613037109375
1215,1532.02001953125,1571.013671875
1216,1520.719970703125,1490.8798828125
1217,1519.280029296875,1513.488037109375
1218,1541.43994140625,1498.3701171875
1219,1520.9000244140625,1528.868896484375
1220,1495.530029296875,1484.0244140625
1221,1459.989990234375,1474.89697265625
1222,1431.1600341796875,1435.1578369140625
1223,1465.4599609375,1416.778564453125
1224,1415.2099609375,1466.2359619140625
1225,1428.2900390625,1374.079345703125
1226,1444.9599609375,1433.201171875
1227,1464.52001953125,1425.393310546875
1228,1469.3299560546875,1449.975830078125
1229,1469.5999755859375,1444.8341064453125
1230,1490.0899658203125,1448.2589111328125
1231,1458.4200439453125,1473.476318359375
1232,1486.02001953125,1422.7664794921875
1233,1453.43994140625,1483.2176513671875
1234,1460.2900390625,1414.18408203125
1235,1485.9300537109375,1456.4603271484375
1236,1515.219970703125,1469.060302734375
1237,1569.1500244140625,1497.216552734375
1238,1571.6800537109375,1550.6951904296875
1239,1568.0799560546875,1528.85693359375
1240,1559.1300048828125,1540.617431640625
1241,1573.010009765625,1528.7764892578125
1242,1534.6099853515625,1554.7879638671875
1243,1555.9300537109375,1493.511962890625
1244,1593.31005859375,1554.7745361328125
1245,1615.3299560546875,1569.2314453125
1246,1641.0,1586.00244140625
1247,1590.449951171875,1611.563720703125
1248,1604.260009765625,1535.6553955078125
1249,1516.6199951171875,1600.95849609375
1250,1567.239990234375,1452.4378662109375
1251,1621.010009765625,1598.0047607421875
1252,1626.030029296875,1586.5213623046875
1253,1650.2099609375,1591.01220703125
1254,1749.1300048828125,1624.0218505859375
1255,1763.3699951171875,1728.3387451171875
1256,1761.75,1688.2958984375
1257,1763.0,1717.991455078125
1258,1740.3900146484375,1713.9593505859375
